INSERT INTO country(id, continent, population) VALUES(1, $$Asia$$, 38928341);
INSERT INTO country(id, continent, population) VALUES(2, $$Europe$$, 2877800);
INSERT INTO country(id, continent, population) VALUES(3, $$Africa$$, 43851043);
INSERT INTO country(id, continent, population) VALUES(4, $$Europe$$, 77265);
INSERT INTO country(id, continent, population) VALUES(5, $$Africa$$, 32866268);
INSERT INTO country(id, continent, population) VALUES(6, $$North America$$, 15002);
INSERT INTO country(id, continent, population) VALUES(7, $$North America$$, 97928);
INSERT INTO country(id, continent, population) VALUES(8, $$South America$$, 45195777);
INSERT INTO country(id, continent, population) VALUES(9, $$Asia$$, 2963234);
INSERT INTO country(id, continent, population) VALUES(10, $$North America$$, 106766);
INSERT INTO country(id, continent, population) VALUES(11, $$Oceania$$, 25499881);
INSERT INTO country(id, continent, population) VALUES(12, $$Europe$$, 9006400);
INSERT INTO country(id, continent, population) VALUES(13, $$Asia$$, 10139175);
INSERT INTO country(id, continent, population) VALUES(14, $$North America$$, 393248);
INSERT INTO country(id, continent, population) VALUES(15, $$Asia$$, 1701583);
INSERT INTO country(id, continent, population) VALUES(16, $$Asia$$, 164689383);
INSERT INTO country(id, continent, population) VALUES(17, $$North America$$, 287371);
INSERT INTO country(id, continent, population) VALUES(18, $$Europe$$, 9449321);
INSERT INTO country(id, continent, population) VALUES(19, $$Europe$$, 11589616);
INSERT INTO country(id, continent, population) VALUES(20, $$North America$$, 397621);
INSERT INTO country(id, continent, population) VALUES(21, $$Africa$$, 12123198);
INSERT INTO country(id, continent, population) VALUES(22, $$North America$$, 62273);
INSERT INTO country(id, continent, population) VALUES(23, $$Asia$$, 771612);
INSERT INTO country(id, continent, population) VALUES(24, $$South America$$, 11673029);
INSERT INTO country(id, continent, population) VALUES(25, $$North America$$, 26221);
INSERT INTO country(id, continent, population) VALUES(26, $$Europe$$, 3280815);
INSERT INTO country(id, continent, population) VALUES(27, $$Africa$$, 2351625);
INSERT INTO country(id, continent, population) VALUES(28, $$South America$$, 212559409);
INSERT INTO country(id, continent, population) VALUES(29, $$North America$$, 30237);
INSERT INTO country(id, continent, population) VALUES(30, $$Asia$$, 437483);
INSERT INTO country(id, continent, population) VALUES(31, $$Europe$$, 6948445);
INSERT INTO country(id, continent, population) VALUES(32, $$Africa$$, 20903278);
INSERT INTO country(id, continent, population) VALUES(33, $$Africa$$, 11890781);
INSERT INTO country(id, continent, population) VALUES(34, $$Asia$$, 16718971);
INSERT INTO country(id, continent, population) VALUES(35, $$Africa$$, 26545864);
INSERT INTO country(id, continent, population) VALUES(36, $$North America$$, 37742157);
INSERT INTO country(id, continent, population) VALUES(37, $$Africa$$, 555988);
INSERT INTO country(id, continent, population) VALUES(38, $$North America$$, 65720);
INSERT INTO country(id, continent, population) VALUES(39, $$Africa$$, 4829764);
INSERT INTO country(id, continent, population) VALUES(40, $$Africa$$, 16425859);
INSERT INTO country(id, continent, population) VALUES(41, $$South America$$, 19116209);
INSERT INTO country(id, continent, population) VALUES(42, $$Asia$$, 1439323774);
INSERT INTO country(id, continent, population) VALUES(43, $$South America$$, 50882884);
INSERT INTO country(id, continent, population) VALUES(44, $$Africa$$, 869595);
INSERT INTO country(id, continent, population) VALUES(45, $$Africa$$, 5518092);
INSERT INTO country(id, continent, population) VALUES(46, $$North America$$, 5094114);
INSERT INTO country(id, continent, population) VALUES(47, $$Africa$$, 26378275);
INSERT INTO country(id, continent, population) VALUES(48, $$Europe$$, 4105268);
INSERT INTO country(id, continent, population) VALUES(49, $$North America$$, 11326616);
INSERT INTO country(id, continent, population) VALUES(50, $$North America$$, 164100);
INSERT INTO country(id, continent, population) VALUES(51, $$Europe$$, 875899);
INSERT INTO country(id, continent, population) VALUES(52, $$Europe$$, 10708982);
INSERT INTO country(id, continent, population) VALUES(53, $$Africa$$, 89561404);
INSERT INTO country(id, continent, population) VALUES(54, $$Europe$$, 5792203);
INSERT INTO country(id, continent, population) VALUES(55, $$Africa$$, 988002);
INSERT INTO country(id, continent, population) VALUES(56, $$North America$$, 71991);
INSERT INTO country(id, continent, population) VALUES(57, $$North America$$, 10847904);
INSERT INTO country(id, continent, population) VALUES(58, $$South America$$, 17643060);
INSERT INTO country(id, continent, population) VALUES(59, $$Africa$$, 102334403);
INSERT INTO country(id, continent, population) VALUES(60, $$North America$$, 6486201);
INSERT INTO country(id, continent, population) VALUES(61, $$Africa$$, 1402985);
INSERT INTO country(id, continent, population) VALUES(62, $$Africa$$, 3546427);
INSERT INTO country(id, continent, population) VALUES(63, $$Europe$$, 1326539);
INSERT INTO country(id, continent, population) VALUES(64, $$Africa$$, 114963583);
INSERT INTO country(id, continent, population) VALUES(65, $$Europe$$, 48865);
INSERT INTO country(id, continent, population) VALUES(66, $$South America$$, 3483);
INSERT INTO country(id, continent, population) VALUES(67, $$Oceania$$, 896444);
INSERT INTO country(id, continent, population) VALUES(68, $$Europe$$, 5540718);
INSERT INTO country(id, continent, population) VALUES(69, $$Europe$$, 65273512);
INSERT INTO country(id, continent, population) VALUES(70, $$Oceania$$, 280904);
INSERT INTO country(id, continent, population) VALUES(71, $$Africa$$, 2225728);
INSERT INTO country(id, continent, population) VALUES(72, $$Africa$$, 2416664);
INSERT INTO country(id, continent, population) VALUES(73, $$Asia$$, 3989175);
INSERT INTO country(id, continent, population) VALUES(74, $$Europe$$, 83783945);
INSERT INTO country(id, continent, population) VALUES(75, $$Africa$$, 31072945);
INSERT INTO country(id, continent, population) VALUES(76, $$Europe$$, 33691);
INSERT INTO country(id, continent, population) VALUES(77, $$Europe$$, 10423056);
INSERT INTO country(id, continent, population) VALUES(78, $$North America$$, 56772);
INSERT INTO country(id, continent, population) VALUES(79, $$North America$$, 112519);
INSERT INTO country(id, continent, population) VALUES(80, $$Oceania$$, 168783);
INSERT INTO country(id, continent, population) VALUES(81, $$North America$$, 17915567);
INSERT INTO country(id, continent, population) VALUES(82, $$Europe$$, 67052);
INSERT INTO country(id, continent, population) VALUES(83, $$Africa$$, 13132792);
INSERT INTO country(id, continent, population) VALUES(84, $$Africa$$, 1967998);
INSERT INTO country(id, continent, population) VALUES(85, $$South America$$, 786559);
INSERT INTO country(id, continent, population) VALUES(86, $$North America$$, 11402533);
INSERT INTO country(id, continent, population) VALUES(87, $$North America$$, 9904608);
INSERT INTO country(id, continent, population) VALUES(88, $$Asia$$, 7496988);
INSERT INTO country(id, continent, population) VALUES(89, $$Europe$$, 9660350);
INSERT INTO country(id, continent, population) VALUES(90, $$Europe$$, 341250);
INSERT INTO country(id, continent, population) VALUES(91, $$Asia$$, 1380004385);
INSERT INTO country(id, continent, population) VALUES(92, $$Asia$$, 273523621);
INSERT INTO country(id, continent, population) VALUES(93, $$Asia$$, 83992953);
INSERT INTO country(id, continent, population) VALUES(94, $$Asia$$, 40222503);
INSERT INTO country(id, continent, population) VALUES(95, $$Europe$$, 4937796);
INSERT INTO country(id, continent, population) VALUES(96, $$Europe$$, 85032);
INSERT INTO country(id, continent, population) VALUES(97, $$Asia$$, 8655541);
INSERT INTO country(id, continent, population) VALUES(98, $$Europe$$, 60461828);
INSERT INTO country(id, continent, population) VALUES(99, $$North America$$, 2961161);
INSERT INTO country(id, continent, population) VALUES(100, $$Asia$$, 126476458);
INSERT INTO country(id, continent, population) VALUES(101, $$Europe$$, 101073);
INSERT INTO country(id, continent, population) VALUES(102, $$Asia$$, 10203140);
INSERT INTO country(id, continent, population) VALUES(103, $$Asia$$, 18776707);
INSERT INTO country(id, continent, population) VALUES(104, $$Africa$$, 53771300);
INSERT INTO country(id, continent, population) VALUES(105, $$Europe$$, 1932774);
INSERT INTO country(id, continent, population) VALUES(106, $$Asia$$, 4270563);
INSERT INTO country(id, continent, population) VALUES(107, $$Asia$$, 6524191);
INSERT INTO country(id, continent, population) VALUES(108, $$Asia$$, 7275556);
INSERT INTO country(id, continent, population) VALUES(109, $$Europe$$, 1886202);
INSERT INTO country(id, continent, population) VALUES(110, $$Asia$$, 6825442);
INSERT INTO country(id, continent, population) VALUES(111, $$Africa$$, 2142252);
INSERT INTO country(id, continent, population) VALUES(112, $$Africa$$, 5057677);
INSERT INTO country(id, continent, population) VALUES(113, $$Africa$$, 6871287);
INSERT INTO country(id, continent, population) VALUES(114, $$Europe$$, 38137);
INSERT INTO country(id, continent, population) VALUES(115, $$Europe$$, 2722291);
INSERT INTO country(id, continent, population) VALUES(116, $$Europe$$, 625976);
INSERT INTO country(id, continent, population) VALUES(117, $$Europe$$, 2083380);
INSERT INTO country(id, continent, population) VALUES(118, $$Africa$$, 27691019);
INSERT INTO country(id, continent, population) VALUES(119, $$Africa$$, 19129955);
INSERT INTO country(id, continent, population) VALUES(120, $$Asia$$, 32365998);
INSERT INTO country(id, continent, population) VALUES(121, $$Asia$$, 540542);
INSERT INTO country(id, continent, population) VALUES(122, $$Africa$$, 20250834);
INSERT INTO country(id, continent, population) VALUES(123, $$Europe$$, 441539);
INSERT INTO country(id, continent, population) VALUES(124, $$Africa$$, 4649660);
INSERT INTO country(id, continent, population) VALUES(125, $$Africa$$, 1271767);
INSERT INTO country(id, continent, population) VALUES(126, $$North America$$, 128932753);
INSERT INTO country(id, continent, population) VALUES(127, $$Europe$$, 4033963);
INSERT INTO country(id, continent, population) VALUES(128, $$Europe$$, 39244);
INSERT INTO country(id, continent, population) VALUES(129, $$Asia$$, 3278292);
INSERT INTO country(id, continent, population) VALUES(130, $$Europe$$, 628062);
INSERT INTO country(id, continent, population) VALUES(131, $$North America$$, 4999);
INSERT INTO country(id, continent, population) VALUES(132, $$Africa$$, 36910558);
INSERT INTO country(id, continent, population) VALUES(133, $$Africa$$, 31255435);
INSERT INTO country(id, continent, population) VALUES(134, $$Asia$$, 54409794);
INSERT INTO country(id, continent, population) VALUES(135, $$Africa$$, 2540916);
INSERT INTO country(id, continent, population) VALUES(136, $$Asia$$, 29136808);
INSERT INTO country(id, continent, population) VALUES(137, $$Europe$$, 17134873);
INSERT INTO country(id, continent, population) VALUES(138, $$Oceania$$, 285491);
INSERT INTO country(id, continent, population) VALUES(139, $$Oceania$$, 4822233);
INSERT INTO country(id, continent, population) VALUES(140, $$North America$$, 6624554);
INSERT INTO country(id, continent, population) VALUES(141, $$Africa$$, 24206636);
INSERT INTO country(id, continent, population) VALUES(142, $$Africa$$, 206139587);
INSERT INTO country(id, continent, population) VALUES(143, $$Oceania$$, 57557);
INSERT INTO country(id, continent, population) VALUES(144, $$Europe$$, 5421242);
INSERT INTO country(id, continent, population) VALUES(145, $$Asia$$, 5106622);
INSERT INTO country(id, continent, population) VALUES(146, $$Asia$$, 220892331);
INSERT INTO country(id, continent, population) VALUES(147, $$Asia$$, 5101416);
INSERT INTO country(id, continent, population) VALUES(148, $$North America$$, 4314768);
INSERT INTO country(id, continent, population) VALUES(149, $$Oceania$$, 8947027);
INSERT INTO country(id, continent, population) VALUES(150, $$South America$$, 7132530);
INSERT INTO country(id, continent, population) VALUES(151, $$South America$$, 32971846);
INSERT INTO country(id, continent, population) VALUES(152, $$Asia$$, 109581085);
INSERT INTO country(id, continent, population) VALUES(153, $$Europe$$, 37846605);
INSERT INTO country(id, continent, population) VALUES(154, $$Europe$$, 10196707);
INSERT INTO country(id, continent, population) VALUES(155, $$North America$$, 2860840);
INSERT INTO country(id, continent, population) VALUES(156, $$Asia$$, 2881060);
INSERT INTO country(id, continent, population) VALUES(157, $$Europe$$, 19237682);
INSERT INTO country(id, continent, population) VALUES(158, $$Europe$$, 145934460);
INSERT INTO country(id, continent, population) VALUES(159, $$Africa$$, 12952209);
INSERT INTO country(id, continent, population) VALUES(160, $$North America$$, 53192);
INSERT INTO country(id, continent, population) VALUES(161, $$North America$$, 183629);
INSERT INTO country(id, continent, population) VALUES(162, $$North America$$, 110947);
INSERT INTO country(id, continent, population) VALUES(163, $$Europe$$, 33938);
INSERT INTO country(id, continent, population) VALUES(164, $$Africa$$, 219161);
INSERT INTO country(id, continent, population) VALUES(165, $$Asia$$, 34813867);
INSERT INTO country(id, continent, population) VALUES(166, $$Africa$$, 16743930);
INSERT INTO country(id, continent, population) VALUES(167, $$Europe$$, 6804596);
INSERT INTO country(id, continent, population) VALUES(168, $$Africa$$, 98340);
INSERT INTO country(id, continent, population) VALUES(169, $$Africa$$, 7976985);
INSERT INTO country(id, continent, population) VALUES(170, $$Asia$$, 5850343);
INSERT INTO country(id, continent, population) VALUES(171, $$North America$$, 42882);
INSERT INTO country(id, continent, population) VALUES(172, $$Europe$$, 5459643);
INSERT INTO country(id, continent, population) VALUES(173, $$Europe$$, 2078932);
INSERT INTO country(id, continent, population) VALUES(174, $$Africa$$, 15893219);
INSERT INTO country(id, continent, population) VALUES(175, $$Africa$$, 59308690);
INSERT INTO country(id, continent, population) VALUES(176, $$Asia$$, 51269183);
INSERT INTO country(id, continent, population) VALUES(177, $$Africa$$, 11193729);
INSERT INTO country(id, continent, population) VALUES(178, $$Europe$$, 46754783);
INSERT INTO country(id, continent, population) VALUES(179, $$Asia$$, 21413250);
INSERT INTO country(id, continent, population) VALUES(180, $$Africa$$, 43849269);
INSERT INTO country(id, continent, population) VALUES(181, $$South America$$, 586634);
INSERT INTO country(id, continent, population) VALUES(182, $$Africa$$, 1160164);
INSERT INTO country(id, continent, population) VALUES(183, $$Europe$$, 10099270);
INSERT INTO country(id, continent, population) VALUES(184, $$Europe$$, 8654618);
INSERT INTO country(id, continent, population) VALUES(185, $$Asia$$, 17500657);
INSERT INTO country(id, continent, population) VALUES(186, $$Asia$$, 23816775);
INSERT INTO country(id, continent, population) VALUES(187, $$Asia$$, 9537642);
INSERT INTO country(id, continent, population) VALUES(188, $$Africa$$, 59734213);
INSERT INTO country(id, continent, population) VALUES(189, $$Asia$$, 69799978);
INSERT INTO country(id, continent, population) VALUES(190, $$Asia$$, 1318442);
INSERT INTO country(id, continent, population) VALUES(191, $$Africa$$, 8278737);
INSERT INTO country(id, continent, population) VALUES(192, $$North America$$, 1399491);
INSERT INTO country(id, continent, population) VALUES(193, $$Africa$$, 11818618);
INSERT INTO country(id, continent, population) VALUES(194, $$Asia$$, 84339067);
INSERT INTO country(id, continent, population) VALUES(195, $$North America$$, 38718);
INSERT INTO country(id, continent, population) VALUES(196, $$Africa$$, 45741000);
INSERT INTO country(id, continent, population) VALUES(197, $$Europe$$, 43733759);
INSERT INTO country(id, continent, population) VALUES(198, $$Asia$$, 9890400);
INSERT INTO country(id, continent, population) VALUES(199, $$Europe$$, 67886004);
INSERT INTO country(id, continent, population) VALUES(200, $$North America$$, 331002647);
INSERT INTO country(id, continent, population) VALUES(201, $$North America$$, 104423);
INSERT INTO country(id, continent, population) VALUES(202, $$South America$$, 3473727);
INSERT INTO country(id, continent, population) VALUES(203, $$Asia$$, 33469199);
INSERT INTO country(id, continent, population) VALUES(204, $$Europe$$, 809);
INSERT INTO country(id, continent, population) VALUES(205, $$South America$$, 28435943);
INSERT INTO country(id, continent, population) VALUES(206, $$Asia$$, 97338583);
INSERT INTO country(id, continent, population) VALUES(207, $$Africa$$, 597330);
INSERT INTO country(id, continent, population) VALUES(208, $$Asia$$, 29825968);
INSERT INTO country(id, continent, population) VALUES(209, $$Africa$$, 18383956);
INSERT INTO country(id, continent, population) VALUES(210, $$Africa$$, 14862927);
INSERT INTO country(id, continent, population) VALUES(211, $$null$$, 7794798729);
INSERT INTO country(id, continent, population) VALUES(212, $$null$$, 3770);
INSERT INTO country(id, continent, population) VALUES(213, $$null$$, 2047);

INSERT INTO country_code(code, country) VALUES($$AFG$$, 1);
INSERT INTO country_code(code, country) VALUES($$ALB$$, 2);
INSERT INTO country_code(code, country) VALUES($$DZA$$, 3);
INSERT INTO country_code(code, country) VALUES($$AND$$, 4);
INSERT INTO country_code(code, country) VALUES($$AGO$$, 5);
INSERT INTO country_code(code, country) VALUES($$AIA$$, 6);
INSERT INTO country_code(code, country) VALUES($$ATG$$, 7);
INSERT INTO country_code(code, country) VALUES($$ARG$$, 8);
INSERT INTO country_code(code, country) VALUES($$ARM$$, 9);
INSERT INTO country_code(code, country) VALUES($$ABW$$, 10);
INSERT INTO country_code(code, country) VALUES($$AUS$$, 11);
INSERT INTO country_code(code, country) VALUES($$AUT$$, 12);
INSERT INTO country_code(code, country) VALUES($$AZE$$, 13);
INSERT INTO country_code(code, country) VALUES($$BHS$$, 14);
INSERT INTO country_code(code, country) VALUES($$BHR$$, 15);
INSERT INTO country_code(code, country) VALUES($$BGD$$, 16);
INSERT INTO country_code(code, country) VALUES($$BRB$$, 17);
INSERT INTO country_code(code, country) VALUES($$BLR$$, 18);
INSERT INTO country_code(code, country) VALUES($$BEL$$, 19);
INSERT INTO country_code(code, country) VALUES($$BLZ$$, 20);
INSERT INTO country_code(code, country) VALUES($$BEN$$, 21);
INSERT INTO country_code(code, country) VALUES($$BMU$$, 22);
INSERT INTO country_code(code, country) VALUES($$BTN$$, 23);
INSERT INTO country_code(code, country) VALUES($$BOL$$, 24);
INSERT INTO country_code(code, country) VALUES($$BES$$, 25);
INSERT INTO country_code(code, country) VALUES($$BIH$$, 26);
INSERT INTO country_code(code, country) VALUES($$BWA$$, 27);
INSERT INTO country_code(code, country) VALUES($$BRA$$, 28);
INSERT INTO country_code(code, country) VALUES($$VGB$$, 29);
INSERT INTO country_code(code, country) VALUES($$BRN$$, 30);
INSERT INTO country_code(code, country) VALUES($$BGR$$, 31);
INSERT INTO country_code(code, country) VALUES($$BFA$$, 32);
INSERT INTO country_code(code, country) VALUES($$BDI$$, 33);
INSERT INTO country_code(code, country) VALUES($$KHM$$, 34);
INSERT INTO country_code(code, country) VALUES($$CMR$$, 35);
INSERT INTO country_code(code, country) VALUES($$CAN$$, 36);
INSERT INTO country_code(code, country) VALUES($$CPV$$, 37);
INSERT INTO country_code(code, country) VALUES($$CYM$$, 38);
INSERT INTO country_code(code, country) VALUES($$CAF$$, 39);
INSERT INTO country_code(code, country) VALUES($$TCD$$, 40);
INSERT INTO country_code(code, country) VALUES($$CHL$$, 41);
INSERT INTO country_code(code, country) VALUES($$CHN$$, 42);
INSERT INTO country_code(code, country) VALUES($$COL$$, 43);
INSERT INTO country_code(code, country) VALUES($$COM$$, 44);
INSERT INTO country_code(code, country) VALUES($$COG$$, 45);
INSERT INTO country_code(code, country) VALUES($$CRI$$, 46);
INSERT INTO country_code(code, country) VALUES($$CIV$$, 47);
INSERT INTO country_code(code, country) VALUES($$HRV$$, 48);
INSERT INTO country_code(code, country) VALUES($$CUB$$, 49);
INSERT INTO country_code(code, country) VALUES($$CUW$$, 50);
INSERT INTO country_code(code, country) VALUES($$CYP$$, 51);
INSERT INTO country_code(code, country) VALUES($$CZE$$, 52);
INSERT INTO country_code(code, country) VALUES($$COD$$, 53);
INSERT INTO country_code(code, country) VALUES($$DNK$$, 54);
INSERT INTO country_code(code, country) VALUES($$DJI$$, 55);
INSERT INTO country_code(code, country) VALUES($$DMA$$, 56);
INSERT INTO country_code(code, country) VALUES($$DOM$$, 57);
INSERT INTO country_code(code, country) VALUES($$ECU$$, 58);
INSERT INTO country_code(code, country) VALUES($$EGY$$, 59);
INSERT INTO country_code(code, country) VALUES($$SLV$$, 60);
INSERT INTO country_code(code, country) VALUES($$GNQ$$, 61);
INSERT INTO country_code(code, country) VALUES($$ERI$$, 62);
INSERT INTO country_code(code, country) VALUES($$EST$$, 63);
INSERT INTO country_code(code, country) VALUES($$ETH$$, 64);
INSERT INTO country_code(code, country) VALUES($$FRO$$, 65);
INSERT INTO country_code(code, country) VALUES($$FLK$$, 66);
INSERT INTO country_code(code, country) VALUES($$FJI$$, 67);
INSERT INTO country_code(code, country) VALUES($$FIN$$, 68);
INSERT INTO country_code(code, country) VALUES($$FRA$$, 69);
INSERT INTO country_code(code, country) VALUES($$PYF$$, 70);
INSERT INTO country_code(code, country) VALUES($$GAB$$, 71);
INSERT INTO country_code(code, country) VALUES($$GMB$$, 72);
INSERT INTO country_code(code, country) VALUES($$GEO$$, 73);
INSERT INTO country_code(code, country) VALUES($$DEU$$, 74);
INSERT INTO country_code(code, country) VALUES($$GHA$$, 75);
INSERT INTO country_code(code, country) VALUES($$GIB$$, 76);
INSERT INTO country_code(code, country) VALUES($$GRC$$, 77);
INSERT INTO country_code(code, country) VALUES($$GRL$$, 78);
INSERT INTO country_code(code, country) VALUES($$GRD$$, 79);
INSERT INTO country_code(code, country) VALUES($$GUM$$, 80);
INSERT INTO country_code(code, country) VALUES($$GTM$$, 81);
INSERT INTO country_code(code, country) VALUES($$GGY$$, 82);
INSERT INTO country_code(code, country) VALUES($$GIN$$, 83);
INSERT INTO country_code(code, country) VALUES($$GNB$$, 84);
INSERT INTO country_code(code, country) VALUES($$GUY$$, 85);
INSERT INTO country_code(code, country) VALUES($$HTI$$, 86);
INSERT INTO country_code(code, country) VALUES($$HND$$, 87);
INSERT INTO country_code(code, country) VALUES($$HKG$$, 88);
INSERT INTO country_code(code, country) VALUES($$HUN$$, 89);
INSERT INTO country_code(code, country) VALUES($$ISL$$, 90);
INSERT INTO country_code(code, country) VALUES($$IND$$, 91);
INSERT INTO country_code(code, country) VALUES($$IDN$$, 92);
INSERT INTO country_code(code, country) VALUES($$IRN$$, 93);
INSERT INTO country_code(code, country) VALUES($$IRQ$$, 94);
INSERT INTO country_code(code, country) VALUES($$IRL$$, 95);
INSERT INTO country_code(code, country) VALUES($$IMN$$, 96);
INSERT INTO country_code(code, country) VALUES($$ISR$$, 97);
INSERT INTO country_code(code, country) VALUES($$ITA$$, 98);
INSERT INTO country_code(code, country) VALUES($$JAM$$, 99);
INSERT INTO country_code(code, country) VALUES($$JPN$$, 100);
INSERT INTO country_code(code, country) VALUES($$JEY$$, 101);
INSERT INTO country_code(code, country) VALUES($$JOR$$, 102);
INSERT INTO country_code(code, country) VALUES($$KAZ$$, 103);
INSERT INTO country_code(code, country) VALUES($$KEN$$, 104);
INSERT INTO country_code(code, country) VALUES($$OWID_KOS$$, 105);
INSERT INTO country_code(code, country) VALUES($$KWT$$, 106);
INSERT INTO country_code(code, country) VALUES($$KGZ$$, 107);
INSERT INTO country_code(code, country) VALUES($$LAO$$, 108);
INSERT INTO country_code(code, country) VALUES($$LVA$$, 109);
INSERT INTO country_code(code, country) VALUES($$LBN$$, 110);
INSERT INTO country_code(code, country) VALUES($$LSO$$, 111);
INSERT INTO country_code(code, country) VALUES($$LBR$$, 112);
INSERT INTO country_code(code, country) VALUES($$LBY$$, 113);
INSERT INTO country_code(code, country) VALUES($$LIE$$, 114);
INSERT INTO country_code(code, country) VALUES($$LTU$$, 115);
INSERT INTO country_code(code, country) VALUES($$LUX$$, 116);
INSERT INTO country_code(code, country) VALUES($$MKD$$, 117);
INSERT INTO country_code(code, country) VALUES($$MDG$$, 118);
INSERT INTO country_code(code, country) VALUES($$MWI$$, 119);
INSERT INTO country_code(code, country) VALUES($$MYS$$, 120);
INSERT INTO country_code(code, country) VALUES($$MDV$$, 121);
INSERT INTO country_code(code, country) VALUES($$MLI$$, 122);
INSERT INTO country_code(code, country) VALUES($$MLT$$, 123);
INSERT INTO country_code(code, country) VALUES($$MRT$$, 124);
INSERT INTO country_code(code, country) VALUES($$MUS$$, 125);
INSERT INTO country_code(code, country) VALUES($$MEX$$, 126);
INSERT INTO country_code(code, country) VALUES($$MDA$$, 127);
INSERT INTO country_code(code, country) VALUES($$MCO$$, 128);
INSERT INTO country_code(code, country) VALUES($$MNG$$, 129);
INSERT INTO country_code(code, country) VALUES($$MNE$$, 130);
INSERT INTO country_code(code, country) VALUES($$MSR$$, 131);
INSERT INTO country_code(code, country) VALUES($$MAR$$, 132);
INSERT INTO country_code(code, country) VALUES($$MOZ$$, 133);
INSERT INTO country_code(code, country) VALUES($$MMR$$, 134);
INSERT INTO country_code(code, country) VALUES($$NAM$$, 135);
INSERT INTO country_code(code, country) VALUES($$NPL$$, 136);
INSERT INTO country_code(code, country) VALUES($$NLD$$, 137);
INSERT INTO country_code(code, country) VALUES($$NCL$$, 138);
INSERT INTO country_code(code, country) VALUES($$NZL$$, 139);
INSERT INTO country_code(code, country) VALUES($$NIC$$, 140);
INSERT INTO country_code(code, country) VALUES($$NER$$, 141);
INSERT INTO country_code(code, country) VALUES($$NGA$$, 142);
INSERT INTO country_code(code, country) VALUES($$MNP$$, 143);
INSERT INTO country_code(code, country) VALUES($$NOR$$, 144);
INSERT INTO country_code(code, country) VALUES($$OMN$$, 145);
INSERT INTO country_code(code, country) VALUES($$PAK$$, 146);
INSERT INTO country_code(code, country) VALUES($$PSE$$, 147);
INSERT INTO country_code(code, country) VALUES($$PAN$$, 148);
INSERT INTO country_code(code, country) VALUES($$PNG$$, 149);
INSERT INTO country_code(code, country) VALUES($$PRY$$, 150);
INSERT INTO country_code(code, country) VALUES($$PER$$, 151);
INSERT INTO country_code(code, country) VALUES($$PHL$$, 152);
INSERT INTO country_code(code, country) VALUES($$POL$$, 153);
INSERT INTO country_code(code, country) VALUES($$PRT$$, 154);
INSERT INTO country_code(code, country) VALUES($$PRI$$, 155);
INSERT INTO country_code(code, country) VALUES($$QAT$$, 156);
INSERT INTO country_code(code, country) VALUES($$ROU$$, 157);
INSERT INTO country_code(code, country) VALUES($$RUS$$, 158);
INSERT INTO country_code(code, country) VALUES($$RWA$$, 159);
INSERT INTO country_code(code, country) VALUES($$KNA$$, 160);
INSERT INTO country_code(code, country) VALUES($$LCA$$, 161);
INSERT INTO country_code(code, country) VALUES($$VCT$$, 162);
INSERT INTO country_code(code, country) VALUES($$SMR$$, 163);
INSERT INTO country_code(code, country) VALUES($$STP$$, 164);
INSERT INTO country_code(code, country) VALUES($$SAU$$, 165);
INSERT INTO country_code(code, country) VALUES($$SEN$$, 166);
INSERT INTO country_code(code, country) VALUES($$SRB$$, 167);
INSERT INTO country_code(code, country) VALUES($$SYC$$, 168);
INSERT INTO country_code(code, country) VALUES($$SLE$$, 169);
INSERT INTO country_code(code, country) VALUES($$SGP$$, 170);
INSERT INTO country_code(code, country) VALUES($$SXM$$, 171);
INSERT INTO country_code(code, country) VALUES($$SVK$$, 172);
INSERT INTO country_code(code, country) VALUES($$SVN$$, 173);
INSERT INTO country_code(code, country) VALUES($$SOM$$, 174);
INSERT INTO country_code(code, country) VALUES($$ZAF$$, 175);
INSERT INTO country_code(code, country) VALUES($$KOR$$, 176);
INSERT INTO country_code(code, country) VALUES($$SSD$$, 177);
INSERT INTO country_code(code, country) VALUES($$ESP$$, 178);
INSERT INTO country_code(code, country) VALUES($$LKA$$, 179);
INSERT INTO country_code(code, country) VALUES($$SDN$$, 180);
INSERT INTO country_code(code, country) VALUES($$SUR$$, 181);
INSERT INTO country_code(code, country) VALUES($$SWZ$$, 182);
INSERT INTO country_code(code, country) VALUES($$SWE$$, 183);
INSERT INTO country_code(code, country) VALUES($$CHE$$, 184);
INSERT INTO country_code(code, country) VALUES($$SYR$$, 185);
INSERT INTO country_code(code, country) VALUES($$TWN$$, 186);
INSERT INTO country_code(code, country) VALUES($$TJK$$, 187);
INSERT INTO country_code(code, country) VALUES($$TZA$$, 188);
INSERT INTO country_code(code, country) VALUES($$THA$$, 189);
INSERT INTO country_code(code, country) VALUES($$TLS$$, 190);
INSERT INTO country_code(code, country) VALUES($$TGO$$, 191);
INSERT INTO country_code(code, country) VALUES($$TTO$$, 192);
INSERT INTO country_code(code, country) VALUES($$TUN$$, 193);
INSERT INTO country_code(code, country) VALUES($$TUR$$, 194);
INSERT INTO country_code(code, country) VALUES($$TCA$$, 195);
INSERT INTO country_code(code, country) VALUES($$UGA$$, 196);
INSERT INTO country_code(code, country) VALUES($$UKR$$, 197);
INSERT INTO country_code(code, country) VALUES($$ARE$$, 198);
INSERT INTO country_code(code, country) VALUES($$GBR$$, 199);
INSERT INTO country_code(code, country) VALUES($$USA$$, 200);
INSERT INTO country_code(code, country) VALUES($$VIR$$, 201);
INSERT INTO country_code(code, country) VALUES($$URY$$, 202);
INSERT INTO country_code(code, country) VALUES($$UZB$$, 203);
INSERT INTO country_code(code, country) VALUES($$VAT$$, 204);
INSERT INTO country_code(code, country) VALUES($$VEN$$, 205);
INSERT INTO country_code(code, country) VALUES($$VNM$$, 206);
INSERT INTO country_code(code, country) VALUES($$ESH$$, 207);
INSERT INTO country_code(code, country) VALUES($$YEM$$, 208);
INSERT INTO country_code(code, country) VALUES($$ZMB$$, 209);
INSERT INTO country_code(code, country) VALUES($$ZWE$$, 210);
INSERT INTO country_code(code, country) VALUES($$OWID_WRL$$, 211);

INSERT INTO country_name(name, country) VALUES($$Afghanistan$$, 1);
INSERT INTO country_name(name, country) VALUES($$Albania$$, 2);
INSERT INTO country_name(name, country) VALUES($$Algeria$$, 3);
INSERT INTO country_name(name, country) VALUES($$Andorra$$, 4);
INSERT INTO country_name(name, country) VALUES($$Angola$$, 5);
INSERT INTO country_name(name, country) VALUES($$Anguilla$$, 6);
INSERT INTO country_name(name, country) VALUES($$Antigua and Barbuda$$, 7);
INSERT INTO country_name(name, country) VALUES($$Argentina$$, 8);
INSERT INTO country_name(name, country) VALUES($$Armenia$$, 9);
INSERT INTO country_name(name, country) VALUES($$Aruba$$, 10);
INSERT INTO country_name(name, country) VALUES($$Australia$$, 11);
INSERT INTO country_name(name, country) VALUES($$Austria$$, 12);
INSERT INTO country_name(name, country) VALUES($$Azerbaijan$$, 13);
INSERT INTO country_name(name, country) VALUES($$Bahamas$$, 14);
INSERT INTO country_name(name, country) VALUES($$Bahrain$$, 15);
INSERT INTO country_name(name, country) VALUES($$Bangladesh$$, 16);
INSERT INTO country_name(name, country) VALUES($$Barbados$$, 17);
INSERT INTO country_name(name, country) VALUES($$Belarus$$, 18);
INSERT INTO country_name(name, country) VALUES($$Belgium$$, 19);
INSERT INTO country_name(name, country) VALUES($$Belize$$, 20);
INSERT INTO country_name(name, country) VALUES($$Benin$$, 21);
INSERT INTO country_name(name, country) VALUES($$Bermuda$$, 22);
INSERT INTO country_name(name, country) VALUES($$Bhutan$$, 23);
INSERT INTO country_name(name, country) VALUES($$Bolivia$$, 24);
INSERT INTO country_name(name, country) VALUES($$Bonaire Sint Eustatius and Saba$$, 25);
INSERT INTO country_name(name, country) VALUES($$Bosnia and Herzegovina$$, 26);
INSERT INTO country_name(name, country) VALUES($$Botswana$$, 27);
INSERT INTO country_name(name, country) VALUES($$Brazil$$, 28);
INSERT INTO country_name(name, country) VALUES($$British Virgin Islands$$, 29);
INSERT INTO country_name(name, country) VALUES($$Brunei$$, 30);
INSERT INTO country_name(name, country) VALUES($$Bulgaria$$, 31);
INSERT INTO country_name(name, country) VALUES($$Burkina Faso$$, 32);
INSERT INTO country_name(name, country) VALUES($$Burundi$$, 33);
INSERT INTO country_name(name, country) VALUES($$Cambodia$$, 34);
INSERT INTO country_name(name, country) VALUES($$Cameroon$$, 35);
INSERT INTO country_name(name, country) VALUES($$Canada$$, 36);
INSERT INTO country_name(name, country) VALUES($$Cape Verde$$, 37);
INSERT INTO country_name(name, country) VALUES($$Cayman Islands$$, 38);
INSERT INTO country_name(name, country) VALUES($$Central African Republic$$, 39);
INSERT INTO country_name(name, country) VALUES($$Chad$$, 40);
INSERT INTO country_name(name, country) VALUES($$Chile$$, 41);
INSERT INTO country_name(name, country) VALUES($$China$$, 42);
INSERT INTO country_name(name, country) VALUES($$Colombia$$, 43);
INSERT INTO country_name(name, country) VALUES($$Comoros$$, 44);
INSERT INTO country_name(name, country) VALUES($$Congo$$, 45);
INSERT INTO country_name(name, country) VALUES($$Costa Rica$$, 46);
INSERT INTO country_name(name, country) VALUES($$Cote d'Ivoire$$, 47); --'
INSERT INTO country_name(name, country) VALUES($$Croatia$$, 48);
INSERT INTO country_name(name, country) VALUES($$Cuba$$, 49);
INSERT INTO country_name(name, country) VALUES($$Curacao$$, 50);
INSERT INTO country_name(name, country) VALUES($$Cyprus$$, 51);
INSERT INTO country_name(name, country) VALUES($$Czech Republic$$, 52);
INSERT INTO country_name(name, country) VALUES($$Democratic Republic of Congo$$, 53);
INSERT INTO country_name(name, country) VALUES($$Denmark$$, 54);
INSERT INTO country_name(name, country) VALUES($$Djibouti$$, 55);
INSERT INTO country_name(name, country) VALUES($$Dominica$$, 56);
INSERT INTO country_name(name, country) VALUES($$Dominican Republic$$, 57);
INSERT INTO country_name(name, country) VALUES($$Ecuador$$, 58);
INSERT INTO country_name(name, country) VALUES($$Egypt$$, 59);
INSERT INTO country_name(name, country) VALUES($$El Salvador$$, 60);
INSERT INTO country_name(name, country) VALUES($$Equatorial Guinea$$, 61);
INSERT INTO country_name(name, country) VALUES($$Eritrea$$, 62);
INSERT INTO country_name(name, country) VALUES($$Estonia$$, 63);
INSERT INTO country_name(name, country) VALUES($$Ethiopia$$, 64);
INSERT INTO country_name(name, country) VALUES($$Faeroe Islands$$, 65);
INSERT INTO country_name(name, country) VALUES($$Falkland Islands$$, 66);
INSERT INTO country_name(name, country) VALUES($$Fiji$$, 67);
INSERT INTO country_name(name, country) VALUES($$Finland$$, 68);
INSERT INTO country_name(name, country) VALUES($$France$$, 69);
INSERT INTO country_name(name, country) VALUES($$French Polynesia$$, 70);
INSERT INTO country_name(name, country) VALUES($$Gabon$$, 71);
INSERT INTO country_name(name, country) VALUES($$Gambia$$, 72);
INSERT INTO country_name(name, country) VALUES($$Georgia$$, 73);
INSERT INTO country_name(name, country) VALUES($$Germany$$, 74);
INSERT INTO country_name(name, country) VALUES($$Ghana$$, 75);
INSERT INTO country_name(name, country) VALUES($$Gibraltar$$, 76);
INSERT INTO country_name(name, country) VALUES($$Greece$$, 77);
INSERT INTO country_name(name, country) VALUES($$Greenland$$, 78);
INSERT INTO country_name(name, country) VALUES($$Grenada$$, 79);
INSERT INTO country_name(name, country) VALUES($$Guam$$, 80);
INSERT INTO country_name(name, country) VALUES($$Guatemala$$, 81);
INSERT INTO country_name(name, country) VALUES($$Guernsey$$, 82);
INSERT INTO country_name(name, country) VALUES($$Guinea$$, 83);
INSERT INTO country_name(name, country) VALUES($$Guinea-Bissau$$, 84);
INSERT INTO country_name(name, country) VALUES($$Guyana$$, 85);
INSERT INTO country_name(name, country) VALUES($$Haiti$$, 86);
INSERT INTO country_name(name, country) VALUES($$Honduras$$, 87);
INSERT INTO country_name(name, country) VALUES($$Hong Kong$$, 88);
INSERT INTO country_name(name, country) VALUES($$Hungary$$, 89);
INSERT INTO country_name(name, country) VALUES($$Iceland$$, 90);
INSERT INTO country_name(name, country) VALUES($$India$$, 91);
INSERT INTO country_name(name, country) VALUES($$Indonesia$$, 92);
INSERT INTO country_name(name, country) VALUES($$Iran$$, 93);
INSERT INTO country_name(name, country) VALUES($$Iraq$$, 94);
INSERT INTO country_name(name, country) VALUES($$Ireland$$, 95);
INSERT INTO country_name(name, country) VALUES($$Isle of Man$$, 96);
INSERT INTO country_name(name, country) VALUES($$Israel$$, 97);
INSERT INTO country_name(name, country) VALUES($$Italy$$, 98);
INSERT INTO country_name(name, country) VALUES($$Jamaica$$, 99);
INSERT INTO country_name(name, country) VALUES($$Japan$$, 100);
INSERT INTO country_name(name, country) VALUES($$Jersey$$, 101);
INSERT INTO country_name(name, country) VALUES($$Jordan$$, 102);
INSERT INTO country_name(name, country) VALUES($$Kazakhstan$$, 103);
INSERT INTO country_name(name, country) VALUES($$Kenya$$, 104);
INSERT INTO country_name(name, country) VALUES($$Kosovo$$, 105);
INSERT INTO country_name(name, country) VALUES($$Kuwait$$, 106);
INSERT INTO country_name(name, country) VALUES($$Kyrgyzstan$$, 107);
INSERT INTO country_name(name, country) VALUES($$Laos$$, 108);
INSERT INTO country_name(name, country) VALUES($$Latvia$$, 109);
INSERT INTO country_name(name, country) VALUES($$Lebanon$$, 110);
INSERT INTO country_name(name, country) VALUES($$Lesotho$$, 111);
INSERT INTO country_name(name, country) VALUES($$Liberia$$, 112);
INSERT INTO country_name(name, country) VALUES($$Libya$$, 113);
INSERT INTO country_name(name, country) VALUES($$Liechtenstein$$, 114);
INSERT INTO country_name(name, country) VALUES($$Lithuania$$, 115);
INSERT INTO country_name(name, country) VALUES($$Luxembourg$$, 116);
INSERT INTO country_name(name, country) VALUES($$Macedonia$$, 117);
INSERT INTO country_name(name, country) VALUES($$Madagascar$$, 118);
INSERT INTO country_name(name, country) VALUES($$Malawi$$, 119);
INSERT INTO country_name(name, country) VALUES($$Malaysia$$, 120);
INSERT INTO country_name(name, country) VALUES($$Maldives$$, 121);
INSERT INTO country_name(name, country) VALUES($$Mali$$, 122);
INSERT INTO country_name(name, country) VALUES($$Malta$$, 123);
INSERT INTO country_name(name, country) VALUES($$Mauritania$$, 124);
INSERT INTO country_name(name, country) VALUES($$Mauritius$$, 125);
INSERT INTO country_name(name, country) VALUES($$Mexico$$, 126);
INSERT INTO country_name(name, country) VALUES($$Moldova$$, 127);
INSERT INTO country_name(name, country) VALUES($$Monaco$$, 128);
INSERT INTO country_name(name, country) VALUES($$Mongolia$$, 129);
INSERT INTO country_name(name, country) VALUES($$Montenegro$$, 130);
INSERT INTO country_name(name, country) VALUES($$Montserrat$$, 131);
INSERT INTO country_name(name, country) VALUES($$Morocco$$, 132);
INSERT INTO country_name(name, country) VALUES($$Mozambique$$, 133);
INSERT INTO country_name(name, country) VALUES($$Myanmar$$, 134);
INSERT INTO country_name(name, country) VALUES($$Namibia$$, 135);
INSERT INTO country_name(name, country) VALUES($$Nepal$$, 136);
INSERT INTO country_name(name, country) VALUES($$Netherlands$$, 137);
INSERT INTO country_name(name, country) VALUES($$New Caledonia$$, 138);
INSERT INTO country_name(name, country) VALUES($$New Zealand$$, 139);
INSERT INTO country_name(name, country) VALUES($$Nicaragua$$, 140);
INSERT INTO country_name(name, country) VALUES($$Niger$$, 141);
INSERT INTO country_name(name, country) VALUES($$Nigeria$$, 142);
INSERT INTO country_name(name, country) VALUES($$Northern Mariana Islands$$, 143);
INSERT INTO country_name(name, country) VALUES($$Norway$$, 144);
INSERT INTO country_name(name, country) VALUES($$Oman$$, 145);
INSERT INTO country_name(name, country) VALUES($$Pakistan$$, 146);
INSERT INTO country_name(name, country) VALUES($$Palestine$$, 147);
INSERT INTO country_name(name, country) VALUES($$Panama$$, 148);
INSERT INTO country_name(name, country) VALUES($$Papua New Guinea$$, 149);
INSERT INTO country_name(name, country) VALUES($$Paraguay$$, 150);
INSERT INTO country_name(name, country) VALUES($$Peru$$, 151);
INSERT INTO country_name(name, country) VALUES($$Philippines$$, 152);
INSERT INTO country_name(name, country) VALUES($$Poland$$, 153);
INSERT INTO country_name(name, country) VALUES($$Portugal$$, 154);
INSERT INTO country_name(name, country) VALUES($$Puerto Rico$$, 155);
INSERT INTO country_name(name, country) VALUES($$Qatar$$, 156);
INSERT INTO country_name(name, country) VALUES($$Romania$$, 157);
INSERT INTO country_name(name, country) VALUES($$Russia$$, 158);
INSERT INTO country_name(name, country) VALUES($$Rwanda$$, 159);
INSERT INTO country_name(name, country) VALUES($$Saint Kitts and Nevis$$, 160);
INSERT INTO country_name(name, country) VALUES($$Saint Lucia$$, 161);
INSERT INTO country_name(name, country) VALUES($$Saint Vincent and the Grenadines$$, 162);
INSERT INTO country_name(name, country) VALUES($$San Marino$$, 163);
INSERT INTO country_name(name, country) VALUES($$Sao Tome and Principe$$, 164);
INSERT INTO country_name(name, country) VALUES($$Saudi Arabia$$, 165);
INSERT INTO country_name(name, country) VALUES($$Senegal$$, 166);
INSERT INTO country_name(name, country) VALUES($$Serbia$$, 167);
INSERT INTO country_name(name, country) VALUES($$Seychelles$$, 168);
INSERT INTO country_name(name, country) VALUES($$Sierra Leone$$, 169);
INSERT INTO country_name(name, country) VALUES($$Singapore$$, 170);
INSERT INTO country_name(name, country) VALUES($$Sint Maarten (Dutch part)$$, 171);
INSERT INTO country_name(name, country) VALUES($$Slovakia$$, 172);
INSERT INTO country_name(name, country) VALUES($$Slovenia$$, 173);
INSERT INTO country_name(name, country) VALUES($$Somalia$$, 174);
INSERT INTO country_name(name, country) VALUES($$South Africa$$, 175);
INSERT INTO country_name(name, country) VALUES($$South Korea$$, 176);
INSERT INTO country_name(name, country) VALUES($$South Sudan$$, 177);
INSERT INTO country_name(name, country) VALUES($$Spain$$, 178);
INSERT INTO country_name(name, country) VALUES($$Sri Lanka$$, 179);
INSERT INTO country_name(name, country) VALUES($$Sudan$$, 180);
INSERT INTO country_name(name, country) VALUES($$Suriname$$, 181);
INSERT INTO country_name(name, country) VALUES($$Swaziland$$, 182);
INSERT INTO country_name(name, country) VALUES($$Sweden$$, 183);
INSERT INTO country_name(name, country) VALUES($$Switzerland$$, 184);
INSERT INTO country_name(name, country) VALUES($$Syria$$, 185);
INSERT INTO country_name(name, country) VALUES($$Taiwan$$, 186);
INSERT INTO country_name(name, country) VALUES($$Tajikistan$$, 187);
INSERT INTO country_name(name, country) VALUES($$Tanzania$$, 188);
INSERT INTO country_name(name, country) VALUES($$Thailand$$, 189);
INSERT INTO country_name(name, country) VALUES($$Timor$$, 190);
INSERT INTO country_name(name, country) VALUES($$Togo$$, 191);
INSERT INTO country_name(name, country) VALUES($$Trinidad and Tobago$$, 192);
INSERT INTO country_name(name, country) VALUES($$Tunisia$$, 193);
INSERT INTO country_name(name, country) VALUES($$Turkey$$, 194);
INSERT INTO country_name(name, country) VALUES($$Turks and Caicos Islands$$, 195);
INSERT INTO country_name(name, country) VALUES($$Uganda$$, 196);
INSERT INTO country_name(name, country) VALUES($$Ukraine$$, 197);
INSERT INTO country_name(name, country) VALUES($$United Arab Emirates$$, 198);
INSERT INTO country_name(name, country) VALUES($$United Kingdom$$, 199);
INSERT INTO country_name(name, country) VALUES($$United States$$, 200);
INSERT INTO country_name(name, country) VALUES($$United States Virgin Islands$$, 201);
INSERT INTO country_name(name, country) VALUES($$Uruguay$$, 202);
INSERT INTO country_name(name, country) VALUES($$Uzbekistan$$, 203);
INSERT INTO country_name(name, country) VALUES($$Vatican$$, 204);
INSERT INTO country_name(name, country) VALUES($$Venezuela$$, 205);
INSERT INTO country_name(name, country) VALUES($$Vietnam$$, 206);
INSERT INTO country_name(name, country) VALUES($$Western Sahara$$, 207);
INSERT INTO country_name(name, country) VALUES($$Yemen$$, 208);
INSERT INTO country_name(name, country) VALUES($$Zambia$$, 209);
INSERT INTO country_name(name, country) VALUES($$Zimbabwe$$, 210);
INSERT INTO country_name(name, country) VALUES($$World$$, 211);
INSERT INTO country_name(name, country) VALUES($$Burma$$, 134);
INSERT INTO country_name(name, country) VALUES($$Cabo Verde$$, 37);
INSERT INTO country_name(name, country) VALUES($$Congo (Brazzaville)$$, 45);
INSERT INTO country_name(name, country) VALUES($$Congo (Kinshasa)$$, 53);
INSERT INTO country_name(name, country) VALUES($$Czechia$$, 52);
INSERT INTO country_name(name, country) VALUES($$Diamond Princess$$, 212);
INSERT INTO country_name(name, country) VALUES($$Eswatini$$, 182);
INSERT INTO country_name(name, country) VALUES($$Holy See$$, 204);
INSERT INTO country_name(name, country) VALUES($$Korea, South$$, 176);
INSERT INTO country_name(name, country) VALUES($$MS Zaandam$$, 213);
INSERT INTO country_name(name, country) VALUES($$North Macedonia$$, 117);
INSERT INTO country_name(name, country) VALUES($$Taiwan*$$, 186);
INSERT INTO country_name(name, country) VALUES($$Timor-Leste$$, 190);
INSERT INTO country_name(name, country) VALUES($$US$$, 200);
INSERT INTO country_name(name, country) VALUES($$West Bank and Gaza$$, 147);

INSERT INTO country_group(name) VALUES('G20');
INSERT INTO country_group_countries (country_group, country) VALUES ((SELECT id FROM country_group WHERE name = 'G20'), (SELECT country FROM country_name WHERE name = 'Australia'));
INSERT INTO country_group_countries (country_group, country) VALUES ((SELECT id FROM country_group WHERE name = 'G20'), (SELECT country FROM country_name WHERE name = 'Canada'));
INSERT INTO country_group_countries (country_group, country) VALUES ((SELECT id FROM country_group WHERE name = 'G20'), (SELECT country FROM country_name WHERE name = 'Saudi Arabia'));
INSERT INTO country_group_countries (country_group, country) VALUES ((SELECT id FROM country_group WHERE name = 'G20'), (SELECT country FROM country_name WHERE name = 'United States'));
INSERT INTO country_group_countries (country_group, country) VALUES ((SELECT id FROM country_group WHERE name = 'G20'), (SELECT country FROM country_name WHERE name = 'India'));
INSERT INTO country_group_countries (country_group, country) VALUES ((SELECT id FROM country_group WHERE name = 'G20'), (SELECT country FROM country_name WHERE name = 'Russia'));
INSERT INTO country_group_countries (country_group, country) VALUES ((SELECT id FROM country_group WHERE name = 'G20'), (SELECT country FROM country_name WHERE name = 'South Africa'));
INSERT INTO country_group_countries (country_group, country) VALUES ((SELECT id FROM country_group WHERE name = 'G20'), (SELECT country FROM country_name WHERE name = 'Turkey'));
INSERT INTO country_group_countries (country_group, country) VALUES ((SELECT id FROM country_group WHERE name = 'G20'), (SELECT country FROM country_name WHERE name = 'Argentina'));
INSERT INTO country_group_countries (country_group, country) VALUES ((SELECT id FROM country_group WHERE name = 'G20'), (SELECT country FROM country_name WHERE name = 'Brazil'));
INSERT INTO country_group_countries (country_group, country) VALUES ((SELECT id FROM country_group WHERE name = 'G20'), (SELECT country FROM country_name WHERE name = 'Mexico'));
INSERT INTO country_group_countries (country_group, country) VALUES ((SELECT id FROM country_group WHERE name = 'G20'), (SELECT country FROM country_name WHERE name = 'France'));
INSERT INTO country_group_countries (country_group, country) VALUES ((SELECT id FROM country_group WHERE name = 'G20'), (SELECT country FROM country_name WHERE name = 'Germany'));
INSERT INTO country_group_countries (country_group, country) VALUES ((SELECT id FROM country_group WHERE name = 'G20'), (SELECT country FROM country_name WHERE name = 'Italy'));
INSERT INTO country_group_countries (country_group, country) VALUES ((SELECT id FROM country_group WHERE name = 'G20'), (SELECT country FROM country_name WHERE name = 'United Kingdom'));
INSERT INTO country_group_countries (country_group, country) VALUES ((SELECT id FROM country_group WHERE name = 'G20'), (SELECT country FROM country_name WHERE name = 'China'));
INSERT INTO country_group_countries (country_group, country) VALUES ((SELECT id FROM country_group WHERE name = 'G20'), (SELECT country FROM country_name WHERE name = 'Indonesia'));
INSERT INTO country_group_countries (country_group, country) VALUES ((SELECT id FROM country_group WHERE name = 'G20'), (SELECT country FROM country_name WHERE name = 'Japan'));
INSERT INTO country_group_countries (country_group, country) VALUES ((SELECT id FROM country_group WHERE name = 'G20'), (SELECT country FROM country_name WHERE name = 'South Korea'));

INSERT INTO country_group(name) VALUES('EU');
INSERT INTO country_group_countries (country_group, country) VALUES ((SELECT id FROM country_group WHERE name = 'EU'), (SELECT country FROM country_name WHERE name = 'Austria'));
INSERT INTO country_group_countries (country_group, country) VALUES ((SELECT id FROM country_group WHERE name = 'EU'), (SELECT country FROM country_name WHERE name = 'Belgium'));
INSERT INTO country_group_countries (country_group, country) VALUES ((SELECT id FROM country_group WHERE name = 'EU'), (SELECT country FROM country_name WHERE name = 'Bulgaria'));
INSERT INTO country_group_countries (country_group, country) VALUES ((SELECT id FROM country_group WHERE name = 'EU'), (SELECT country FROM country_name WHERE name = 'Croatia'));
INSERT INTO country_group_countries (country_group, country) VALUES ((SELECT id FROM country_group WHERE name = 'EU'), (SELECT country FROM country_name WHERE name = 'Cyprus'));
INSERT INTO country_group_countries (country_group, country) VALUES ((SELECT id FROM country_group WHERE name = 'EU'), (SELECT country FROM country_name WHERE name = 'Czechia'));
INSERT INTO country_group_countries (country_group, country) VALUES ((SELECT id FROM country_group WHERE name = 'EU'), (SELECT country FROM country_name WHERE name = 'Denmark'));
INSERT INTO country_group_countries (country_group, country) VALUES ((SELECT id FROM country_group WHERE name = 'EU'), (SELECT country FROM country_name WHERE name = 'Estonia'));
INSERT INTO country_group_countries (country_group, country) VALUES ((SELECT id FROM country_group WHERE name = 'EU'), (SELECT country FROM country_name WHERE name = 'Finland'));
INSERT INTO country_group_countries (country_group, country) VALUES ((SELECT id FROM country_group WHERE name = 'EU'), (SELECT country FROM country_name WHERE name = 'France'));
INSERT INTO country_group_countries (country_group, country) VALUES ((SELECT id FROM country_group WHERE name = 'EU'), (SELECT country FROM country_name WHERE name = 'Germany'));
INSERT INTO country_group_countries (country_group, country) VALUES ((SELECT id FROM country_group WHERE name = 'EU'), (SELECT country FROM country_name WHERE name = 'Greece'));
INSERT INTO country_group_countries (country_group, country) VALUES ((SELECT id FROM country_group WHERE name = 'EU'), (SELECT country FROM country_name WHERE name = 'Hungary'));
INSERT INTO country_group_countries (country_group, country) VALUES ((SELECT id FROM country_group WHERE name = 'EU'), (SELECT country FROM country_name WHERE name = 'Ireland'));
INSERT INTO country_group_countries (country_group, country) VALUES ((SELECT id FROM country_group WHERE name = 'EU'), (SELECT country FROM country_name WHERE name = 'Italy'));
INSERT INTO country_group_countries (country_group, country) VALUES ((SELECT id FROM country_group WHERE name = 'EU'), (SELECT country FROM country_name WHERE name = 'Latvia'));
INSERT INTO country_group_countries (country_group, country) VALUES ((SELECT id FROM country_group WHERE name = 'EU'), (SELECT country FROM country_name WHERE name = 'Lithuania'));
INSERT INTO country_group_countries (country_group, country) VALUES ((SELECT id FROM country_group WHERE name = 'EU'), (SELECT country FROM country_name WHERE name = 'Luxembourg'));
INSERT INTO country_group_countries (country_group, country) VALUES ((SELECT id FROM country_group WHERE name = 'EU'), (SELECT country FROM country_name WHERE name = 'Malta'));
INSERT INTO country_group_countries (country_group, country) VALUES ((SELECT id FROM country_group WHERE name = 'EU'), (SELECT country FROM country_name WHERE name = 'Netherlands'));
INSERT INTO country_group_countries (country_group, country) VALUES ((SELECT id FROM country_group WHERE name = 'EU'), (SELECT country FROM country_name WHERE name = 'Poland'));
INSERT INTO country_group_countries (country_group, country) VALUES ((SELECT id FROM country_group WHERE name = 'EU'), (SELECT country FROM country_name WHERE name = 'Portugal'));
INSERT INTO country_group_countries (country_group, country) VALUES ((SELECT id FROM country_group WHERE name = 'EU'), (SELECT country FROM country_name WHERE name = 'Romania'));
INSERT INTO country_group_countries (country_group, country) VALUES ((SELECT id FROM country_group WHERE name = 'EU'), (SELECT country FROM country_name WHERE name = 'Slovakia'));
INSERT INTO country_group_countries (country_group, country) VALUES ((SELECT id FROM country_group WHERE name = 'EU'), (SELECT country FROM country_name WHERE name = 'Slovenia'));
INSERT INTO country_group_countries (country_group, country) VALUES ((SELECT id FROM country_group WHERE name = 'EU'), (SELECT country FROM country_name WHERE name = 'Spain'));
INSERT INTO country_group_countries (country_group, country) VALUES ((SELECT id FROM country_group WHERE name = 'EU'), (SELECT country FROM country_name WHERE name = 'Sweden'));

